Name,Email,Username,Phone,Password,Present Address,Permanent Address,Facebook,Twitter,Linkedin,Github,Status
Ibrahim khalil,ibrahim@gmail.com,,251485640,123456,Mirpur Dhaka,Banani Dhaka,fb.com,twitter.com,linkdein.com,wasim47,Active
Ibrahim khalil,ibrahim@gmail.com,,251485640,123456,Mirpur Dhaka,Banani Dhaka,fb.com,twitter.com,linkdein.com,wasim47,Active
Anis,ibrahim@gmail.com,,251485640,123456,Mirpur Dhaka,Banani Dhaka,fb.com,twitter.com,linkdein.com,wasim47,Active
Hasan,ibrahim@gmail.com,,251485640,123456,Mirpur Dhaka,Banani Dhaka,fb.com,twitter.com,linkdein.com,wasim47,Active
Shakil,ibrahim@gmail.com,,251485640,123456,Mirpur Dhaka,Banani Dhaka,fb.com,twitter.com,linkdein.com,wasim47,Active
Rezowana,rezowana@gmail.com,,251485640,123456,Mirpur Dhaka,Banani Dhaka,fb.com,twitter.com,linkdein.com,wasim47,Active
Shahin,shahin@gmail.com,,251485640,123456,Mirpur Dhaka,Banani Dhaka,fb.com,twitter.com,linkdein.com,wasim47,Active
Ibrahim khalil,khalil@gmail.com,,251485640,123456,Mirpur Dhaka,Banani Dhaka,fb.com,twitter.com,linkdein.com,wasim47,Active
Shafi,shafi@gmail.com,,251485640,123456,Mirpur Dhaka,Banani Dhaka,fb.com,twitter.com,linkdein.com,wasim47,Active
Ibrahim khalil,ibrahim@gmail.com,,251485640,123456,Mirpur Dhaka,Banani Dhaka,fb.com,twitter.com,linkdein.com,wasim47,Active
Ibrahim khalil,ibrahim@gmail.com,,251485640,123456,Mirpur Dhaka,Banani Dhaka,fb.com,twitter.com,linkdein.com,wasim47,Active
Ibrahim khalil,ibrahim@gmail.com,,251485640,123456,Mirpur Dhaka,Banani Dhaka,fb.com,twitter.com,linkdein.com,wasim47,Active
Ibrahim khalil,ibrahim@gmail.com,Mohammad Ibrahim,251485640,123456,Mirpur Dhaka,Banani Dhaka,fb.com,twitter.com,linkdein.com,wasim47,Active
Ibrahim khalil,ibrahim@gmail.com,,251485640,123456,Mirpur Dhaka,Banani Dhaka,fb.com,twitter.com,linkdein.com,wasim47,Active
Ibrahim khalil,ibrahim@gmail.com,,251485640,123456,Mirpur Dhaka,Banani Dhaka,fb.com,twitter.com,linkdein.com,wasim47,Active
Ibrahim khalil,ibrahim@gmail.com,,251485640,123456,Mirpur Dhaka,Banani Dhaka,fb.com,twitter.com,linkdein.com,wasim47,Active
