Name,Email,Username,Phone,Code,Emergency contact ,Password,Address
Ibrahim khalil,ibrahim@gmail.com,,251485640,,,123456,Mirpur Dhaka
Ibrahim khalil,ibrahim@gmail.com,,251485640,,,123456,Mirpur Dhaka
Anis,ibrahim@gmail.com,,251485640,,,123456,Mirpur Dhaka
Hasan,ibrahim@gmail.com,,251485640,,,123456,Mirpur Dhaka
Shakil,ibrahim@gmail.com,,251485640,,,123456,Mirpur Dhaka
Rezowana,rezowana@gmail.com,,251485640,,,123456,Mirpur Dhaka
Shahin,shahin@gmail.com,,251485640,,,123456,Mirpur Dhaka
Ibrahim khalil,khalil@gmail.com,,251485640,,,123456,Mirpur Dhaka
Shafi,shafi@gmail.com,,251485640,,,123456,Mirpur Dhaka
Ibrahim khalil,ibrahim@gmail.com,,251485640,,,123456,Mirpur Dhaka
Ibrahim khalil,ibrahim@gmail.com,,251485640,,,123456,Mirpur Dhaka
Ibrahim khalil,ibrahim@gmail.com,,251485640,,,123456,Mirpur Dhaka
Ibrahim khalil,ibrahim@gmail.com,Mohammad Ibrahim,251485640,,,123456,Mirpur Dhaka
Ibrahim khalil,ibrahim@gmail.com,,251485640,,,123456,Mirpur Dhaka
Ibrahim khalil,ibrahim@gmail.com,,251485640,,,123456,Mirpur Dhaka
Ibrahim khalil,ibrahim@gmail.com,,251485640,,,123456,Mirpur Dhaka
